Workbook

Sheet Lauf-Info
A1: Evaluationsdatei – Fragebogenlauf
A2: Lauf | B2: Lauf 3 – NotebookLM
A3: Geprüfte Datei | B3: KI-Readiness-Fragebogen_Lauf_3_NotebookLM.docx
A4: Zugrunde liegender Prompt | B4: Prompt Version 3
A5: Fall | B5: Microsoft Copilot · Beschäftigte ohne KI-Fachausbildung · vor der Einführung · Akzeptanz der geplanten Nutzung
A6: Prüfende Instanz | B6: Claude (unabhängige Gutachterrolle, Prüfprompt mit Kriterien 0–D)
A7: Prüfdatum | B7: 15.10.2026
A8: Prüfgrundlage | B8: D1 Itemkatalog (Fragebogen 1–5 zu P1–P5); S1a, S1b (MAILS); S2 (ATAI); P2, P3, P4
A9: Prüfkriterien | B9: 0 Quellenechtheit · A Theorievermischung · B Double-Barreled · C Suggestivität/Verständlichkeit · D Fehlende Quellenangaben
A10: Schweregrade | B10: schwer = misst nicht, was es messen soll (immer bei 0-Erfindung und A) · mittel = Validität/Nachvollziehbarkeit eingeschränkt · gering = formale/sprachliche Unschärfe
A11: Geprüfte Items (Anzahl) | B11: 35
A12: Itemverteilung | B12: Q4 (P4): 9 · Q2 (P2): 9 · Q3 (P3): 6 · MAILS (S1a/S1b): 6 · ATAI (S2): 5
A13: Geprüfte Hypothesen (Anzahl) | B13: 11
A14: Wichtigste Schwäche | B14: Bei 7 von 11 Hypothesen (H3, H7–H11) wird das Kriterium mit Items einer anderen Theorie oder gar nicht gemessen.
A15: Abgeleitete Prompt-Regel | B15: Hypothese nur, wenn Prädiktor und Kriterium mit Items derselben Quelle im Fragebogen erhoben werden; vor Ausgabe per Zuordnung Hypothese → Item-IDs → Quelle prüfen.
A16: Umsetzung im Prompt | B16: In der überarbeiteten Fassung von Prompt V3 berücksichtigt (Abschnitt Hypothesen, Tabelle C mit Prädiktor-/Kriterium-Items).

Sheet Befunde
A1: Nr. | B1: Kriterium | C1: Fundstelle (Item-ID) | D1: Befund | E1: Schwere | F1: Korrekturvorschlag | G1: Beleg | H1: Status Prompt-Revision
A2: 1 | B2: 0 | C2: Q2-*, Q3-TTF-1–3, Q3-PERF-1–3 | D2: Item-IDs existieren nicht im Katalog: D1 nummeriert P2 nur mit (1)–(4) je Konstrukt, P3 hat keine IDs. Zuordnung nur über den Wortlaut möglich; die Wortlaute stimmen überein. | E2: gering | F2: IDs auf Katalogbezeichnung umstellen (z. B. „Q2-9(1)“, „Q3-TTF-Intellective(1)“). | G2: D1, Questionnaire 2 Nr. 1, 9, 10; Questionnaire 3 TTF/PERF | H2: in Prompt V3 überarbeitet
A3: 2 | B3: 0 | C3: MAILS-32, -33, -34 | D3: Zitierte Originale folgen dem Anhang von S1b („everyday …“); das Testmanual S1a hat einen anderen Wortlaut („doing things with AI“, „different purposes“). Abweichung nicht dokumentiert. | E3: gering | F3: Eine Referenzfassung festlegen (S1a als Testmanual) und angeben. | G3: S1a Items 32–34; S1b Appendix | H3: in Prompt V3 überarbeitet
A4: 3 | B4: A | C4: Q3-TTF-1–3 | D4: Nur Fit-Items für intellektuelle Aufgaben. P3 misst TTF aufgabenspezifisch mit Filter (nur Aufgabentypen ≥ monatlich, 6-stufige TC-Frage) und schloss „Intellective“ wegen unzureichender Ladung aus dem finalen Modell aus. Ohne Filter antworten auch Personen ohne solche Aufgaben. Misst TTF nicht wie validiert. | E4: schwer | F4: TC-Häufigkeitsitems und Filterlogik aus P3 übernehmen; Fit-Items der im finalen Modell verbliebenen Typen (Conflict, Contest, Creativity, MixedMotive) verwenden. Alternativ Konstrukt in „Fit für intellektuelle Aufgaben“ umbenennen und Einschränkung dokumentieren. | G4: P3, S. 5 (Filter), S. 6 (Ausschluss Intellective) | H4: in Prompt V3 überarbeitet
A5: 4 | B5: A | C5: Q4-T1 | D5: Original misst die Bereitschaft, alle Prozesse vollständig autonom abzugeben (Vertrauen als Kontrollverzicht). Adaption („bestimmte Arbeitsaufgaben zur automatisierten Unterstützung“) streicht den Kontrollverzicht; Item nähert sich der Nutzungsabsicht an. | E5: schwer | F5: „Ich wäre bereit, Arbeitsaufgaben ohne eigene Kontrolle von Microsoft Copilot erledigen zu lassen.“ | G5: P4, S. 8; D1 Q4 T1 | H5: in Prompt V3 überarbeitet
A6: 5 | B6: A | C6: H3 | D6: Prädiktor Trust aus P4 (H4); Kriterium Intention to use nur mit P2-Items (UTAUT2/RAA) gemessen. P4-Items I1–I3 fehlen. Theorievermischung. | E6: schwer | F6: P4-Items I1–I3 adaptiert aufnehmen (z. B. „Ich beabsichtige, Microsoft Copilot künftig bei meiner Arbeit einzusetzen.“); H3 nur damit testen, getrennt von P2-INT auswerten. | G6: P4, S. 7–8; D1 Q4 I1–I3 | H6: in Prompt V3 überarbeitet
A7: 6 | B7: A | C7: H7 | D7: Kriterium BI aus P3 (3 Items, UTAUT-basiert) fehlt im Fragebogen; messbar nur über P2-INT, also mit anderer Theorie. | E7: schwer | F7: P3-BI-Items adaptieren (z. B. „Ich beabsichtige, Microsoft Copilot künftig für meine Aufgaben einzusetzen.“). | G7: P3, S. 5; D1 Q3 BI | H7: in Prompt V3 überarbeitet
A8: 7 | B8: A | C8: H8 | D8: Zwei Kriterien (Einstellung, Nutzungsbereitschaft); in S1b mit GAAIS und Neyer et al. (2012) gemessen, beide fehlen. Korrelationen in S1b Tab. 2 gelten für AI Self-Efficacy 2. Ordnung (inkl. Learning), erhoben wird nur Problem Solving. Negative Einstellung korrelierte nicht mit AI Self-Efficacy. | E8: schwer | F8: Streichen oder in H8a/H8b aufteilen; Kriterien aus S1b aufnehmen (zit. n. Carolus et al., 2023); Subskala korrekt benennen. | G8: S1b, S. 6–7, Tab. 2 | H8: in Prompt V3 überarbeitet
A9: 8 | B9: A | C9: H9 | D9: Kriterium „Verhaltenskontrolle“ nicht gemessen. In S1b nur konzeptionelle Annahme („We suggest …“), keine geprüfte Hypothese. | E9: schwer | F9: „AI Emotion Regulation korreliert positiv mit der wahrgenommenen Kontrolle über neue Technologien“ + Kontroll-Subskala nach Neyer et al. (2012, zit. n. Carolus et al., 2023) aufnehmen; sonst streichen. | G9: S1b, S. 3–4, S. 6–7 | H9: in Prompt V3 überarbeitet
A10: 9 | B10: A | C10: H10, H11 | D10: Kriterium „Nutzungsbereitschaft im Arbeitskontext“ nicht gemessen. S2 Tab. 4 bezieht sich auf konkrete Produkte (selbstfahrende Autos, Siri, Alexa, Pepper, Erica), nicht auf Arbeit. Mit P2-INT entstünde eine Brückenhypothese mit Theoriewechsel und anderer Spezifität. H11: Fear-Korrelationen in DE nach Korrektur nicht durchgehend signifikant. | E10: schwer | F10: Auf S2-Befund eingrenzen („… Bereitschaft, spezifische KI-Produkte zu nutzen“) und S2-Produktitems aufnehmen; alternativ als Brückenhypothese kennzeichnen und Spezifitätsunterschied begründen. | G10: S2, S. 113–115, Tab. 4/5 | H10: in Prompt V3 überarbeitet
A11: 10 | B11: B | C11: Q4-T2 | D11: Koppelt Feststellung („bedarf menschlicher Kontrolle“) und Norm („sollte nicht ohne Überprüfung …“); zusätzlich doppelte Verneinung „nicht ohne“ (C). Keine itembezogene Rechtfertigung für Beibehaltung in P4. | E11: mittel | F11: „Microsoft Copilot sollte nur mit menschlicher Überprüfung im Arbeitsalltag eingesetzt werden.“ (R) | G11: D1 Q4 T2 | H11: in Prompt V3 überarbeitet
A12: 11 | B12: B | C12: Q4-T4 | D12: Ergänzung „und Vorschlägen“ nicht im Original; zwei Gegenstände. | E12: gering | F12: „Ich würde den Antworten von Microsoft Copilot vertrauen.“ | G12: D1 Q4 T4 | H12: in Prompt V3 überarbeitet
A13: 12 | B13: B | C13: Q2-INT-3 | D13: Zusatzbedingung „sobald er verfügbar ist“ koppelt Absicht an Zeitpunkt; „definitely“ fehlt, Abstufung zu INT-1/2 geht verloren. | E13: gering | F13: „Ich werde Microsoft Copilot künftig bestimmt bei meiner Arbeit nutzen.“ (Verstärker aus validiertem Original) | G13: D1 Q2 Nr. 1(3) | H13: in Prompt V3 überarbeitet
... A29: 28 | B29: D | C29: Tab. A (Mayer et al., 1995) | D29: Primärquelle liegt nicht vor; Sekundärzitat nicht als „zit. n.“ geführt. | E29: gering | F29: „Mayer et al. (1995, zit. n. Do Khac et al., 2025)“ | G29: P4, S. 6 | H29: in Prompt V3 überarbeitet

Sheet Übersicht
A1: Befunde je Kriterium und Schwere (berechnet aus Blatt „Befunde“)
A3: Kriterium | B3: Bezeichnung | C3: schwer | D3: mittel | E3: gering | F3: Summe
A4: 0 | B4: Quellenechtheit | C4: =COUNTIFS(Befunde!$B$2:$B$500,$A4,Befunde!$E$2:$E$500,C$3) -> 0 | D4: =COUNTIFS(Befunde!$B$2:$B$500,$A4,Befunde!$E$2:$E$500,D$3) -> 0 | E4: =COUNTIFS(Befunde!$B$2:$B$500,$A4,Befunde!$E$2:$E$500,E$3) -> 2 | F4: =SUM(C4:E4) -> 2
A5: A | B5: Theorievermischung | C5: =COUNTIFS(Befunde!$B$2:$B$500,$A5,Befunde!$E$2:$E$500,C$3) -> 7 | D5: =COUNTIFS(Befunde!$B$2:$B$500,$A5,Befunde!$E$2:$E$500,D$3) -> 0 | E5: =COUNTIFS(Befunde!$B$2:$B$500,$A5,Befunde!$E$2:$E$500,E$3) -> 0 | F5: =SUM(C5:E5) -> 7
A6: B | B6: Double-Barreled | C6: =COUNTIFS(Befunde!$B$2:$B$500,$A6,Befunde!$E$2:$E$500,C$3) -> 0 | D6: =COUNTIFS(Befunde!$B$2:$B$500,$A6,Befunde!$E$2:$E$500,D$3) -> 1 | E6: =COUNTIFS(Befunde!$B$2:$B$500,$A6,Befunde!$E$2:$E$500,E$3) -> 2 | F6: =SUM(C6:E6) -> 3
A7: C | B7: Suggestivität / Verständlichkeit | C7: =COUNTIFS(Befunde!$B$2:$B$500,$A7,Befunde!$E$2:$E$500,C$3) -> 0 | D7: =COUNTIFS(Befunde!$B$2:$B$500,$A7,Befunde!$E$2:$E$500,D$3) -> 2 | E7: =COUNTIFS(Befunde!$B$2:$B$500,$A7,Befunde!$E$2:$E$500,E$3) -> 0 | F7: =SUM(C7:E7) -> 2
A8: D | B8: Fehlende Quellenangaben | C8: =COUNTIFS(Befunde!$B$2:$B$500,$A8,Befunde!$E$2:$E$500,C$3) -> 0 | D8: =COUNTIFS(Befunde!$B$2:$B$500,$A8,Befunde!$E$2:$E$500,D$3) -> 7 | E8: =COUNTIFS(Befunde!$B$2:$B$500,$A8,Befunde!$E$2:$E$500,E$3) -> 7 | F8: =SUM(C8:E8) -> 14
A9: Summe | C9: =SUM(C4:C8) -> 7 | D9: =SUM(D4:D8) -> 10 | E9: =SUM(E4:E8) -> 11 | F9: =SUM(F4:F8) -> 28
A11: Kennzahlen
A12: Geprüfte Items | B12: ='Lauf-Info'!B11 -> 35
A13: Geprüfte Hypothesen | B13: ='Lauf-Info'!B13 -> 11
A14: Befunde gesamt | B14: =F9 -> 28
A15: Befunde je Item | B15: =IFERROR(F9/B12,0) -> 0.8
A16: Hypothesen mit A-Befund (schwer) | B16: 6 | C16: Manuell gezählt: H3, H7, H8, H9, H10, H11 (Befunde Nr. 5–9; H10/H11 = Nr. 9).
A17: Anteil Hypothesen mit Theorievermischung/fehlendem Kriterium | B17: =IFERROR(B16/B13,0) -> 0.54545455
A18: Offene Befunde (Status „offen“) | B18: =COUNTIF(Befunde!$H$2:$H$500,"offen") -> 0

Sheet Nicht geprüft
A1: Element | B1: Status | C1: Bemerkung
A2: Instruktion (inkl. Anonymitätshinweis, Beschreibung von Copilot) | B2: nicht vorhanden – nicht geprüft | C2: Kein Befund laut Prüfregel.
A3: Literaturverzeichnis | B3: nicht vorhanden – nicht geprüft | C3: Kein Befund laut Prüfregel.
A4: Explizite Konstruktdefinitionen mit Quellenangabe | B4: nicht vorhanden – nicht geprüft | C4: Tabelle A enthält nur „Passung zum Fall“.
A5: MAILS-25, MAILS-32 (Begriffspaare) | B5: geprüft – kein Befund | C5: Validierte Originale (α = .84 bzw. .71; S1b, S. 6), inhaltlich eindimensional.
A6: ATAI-03 (extremer Wortlaut) | B6: geprüft – kein Befund | C6: Validiertes Original (S2).
